path	source_title	title_uz	source_sha256	translation_sha256	source_lines	translation_lines	source_chars	translation_chars	char_ratio	headings	code_blocks	display_math	links	inline_code	list_items	table_rows	admonitions	checks_passed
dynamic_programming/intro-to-dp.md	Introduction to Dynamic Programming	Dinamik dasturlashga kirish	0890c70734005cd203a0a4cec1955a16160a6230242232f24bfb19a8cb9c36d4	9f7ef0d8e4de41cdf3e1d82ce6c5ed3113ba126b11ebba535528b6c8ccd288a3	161	154	10222	10883	1.064664	7	6	1	13	4	13	11	0	True
dynamic_programming/knapsack.md	Knapsack Problem	Ryukzak masalasi	1504123247f0fab65f61e95a621bdbced7bd1d313e1221f6debcd3e28e8042a3	3a808974c8aa506b8852726654662b7cfe319ba5ca187359a4a423f73f5322b1	181	181	8902	9040	1.015502	16	4	8	10	0	10	0	0	True
dynamic_programming/longest_increasing_subsequence.md	Longest increasing subsequence	Eng uzun o‘suvchi qism ketma-ketlik	ee605f44916fe201609156181707701d8931282a4ed84ae76e493f9be80600c5	8ec8e73c3732b9f0c5b6f3f605f1344e8bf9f08873206b52f9d40e1c2c63fbc6	311	343	16773	16878	1.00626	16	4	7	16	0	17	0	2	True
dynamic_programming/divide-and-conquer-dp.md	Divide and Conquer DP	Divide and Conquer yordamida DP optimallashtirishi	d5a841ed2e8ef45e9aaebd0c922da1eb4bde6c0cde16384d7c17891b389e4179	b48732bcf2d6ac4a22d9b7c6e11dbdc06d76b1344e5f255c3806b75c753e3db6	132	107	5830	6042	1.036364	6	1	2	20	6	20	0	0	True
dynamic_programming/knuth-optimization.md	Knuth's Optimization	Knuth optimallashtirishi	4a729deb673978983d6a383aae71ce5e6b0a53b74d83c808f2d429bca67ee61e	506149b53d1b7df3e6f4a45616882735ddf7edd988b01ef24eba249897e6141b	191	190	8295	8444	1.017963	9	1	12	8	0	15	0	2	True
dynamic_programming/profile-dynamics.md	Dynamic Programming on Broken Profile. Problem "Parquet"	Buzilgan profil bo‘yicha DP: “Parquet” masalasi	bc32e72e05fe46b75215185160c79c6bf3d2403c449a95ba4c5cf193b51da7f9	0adec037ae506c69fe76d78e2e236ea821f4c1dbf67e814275bdc6684746baac	78	82	3306	3373	1.020266	5	1	0	16	0	20	0	0	True
dynamic_programming/zero_matrix.md	Finding the largest zero submatrix	Eng katta nollardan iborat ostmatritsani topish	b7ec4ab9a04268c546852cba65f235823cc978b5d8901fdff97024bb66e4bc0b	74ccb9ba450db216478d10aacec5d9aeb5677e012817bf01c58c00f94634f967	89	88	5372	5441	1.012844	5	2	0	0	56	0	0	0	True
game_theory/games_on_graphs.md	Games on arbitrary graphs	Ixtiyoriy graflardagi o‘yinlar	8015a949d9f77637d7ecf32875ae8352698c63c6dd0049a8db834f921b8b83a9	334708bc548d579fd8dcccec0c10d00fbddf360fd8b578c49f3f328bc41de8ff	196	204	9711	9720	1.000927	4	2	0	1	1	3	0	0	True
game_theory/sprague-grundy-nim.md	Sprague-Grundy theorem. Nim	Sprague–Grundy teoremasi. Nim	67efb1abe53750a5091a0543e649eb7a437f74714c924bf99cb712a0e92f4807	e5aa1fb66ce9ac9c224e20bf98cd9fd26ea0f3d9c26a9d235afc5e48761e6087	218	210	12302	12721	1.03406	14	0	2	7	0	13	0	0	True
